Workbook

Sheet Dataset for Data Analytics
A1: OrderID | B1: Date | C1: CustomerID | D1: Product | E1: Quantity | F1: UnitPrice | G1: ShippingAddress | H1: PaymentMethod | I1: OrderStatus | J1: TrackingNumber | K1: ItemsInCart | L1: CouponCode | M1: ReferralSource | N1: TotalPrice
A2: ORD200000 | B2: 44930 | C2: C72649 | D2: Monitor | E2: 5 | F2: 570.62 | G2: 928 Main St | H2: Debit Card | I2: Shipped | J2: TRK37947903 | K2: 7 | L2: SAVE10 | M2: Instagram | N2: 2853.1
A3: ORD200001 | B3: 45527 | C3: C75739 | D3: Phone | E3: 2 | F3: 151.35 | G3: 823 Main St | H3: Online | I3: Shipped | J3: TRK91186779 | K3: 3 | L3: SAVE10 | M3: Referral | N3: 302.7
A4: ORD200002 | B4: 45349 | C4: C81728 | D4: Tablet | E4: 5 | F4: 550.68 | G4: 512 Main St | H4: Credit Card | I4: Cancelled | J4: TRK42903982 | K4: 8 | L4: FREESHIP | M4: Email | N4: 2753.4
A5: ORD200003 | B5: 45214 | C5: C33540 | D5: Chair | E5: 1 | F5: 273.19 | G5: 275 Main St | H5: Debit Card | I5: Returned | J5: TRK62788070 | K5: 5 | L5: SAVE10 | M5: Facebook | N5: 273.19
A6: ORD200004 | B6: 45785 | C6: C81840 | D6: Printer | E6: 4 | F6: 626.01 | G6: 668 Main St | H6: Online | I6: Delivered | J6: TRK29241424 | K6: 8 | L6: SAVE10 | M6: Email | N6: 2504.04
A7: ORD200005 | B7: 45222 | C7: C37249 | D7: Phone | E7: 2 | F7: 245.86 | G7: 934 Main St | H7: Credit Card | I7: Shipped | J7: TRK72976927 | K7: 4 | L7: SAVE10 | M7: Instagram | N7: 491.72
A8: ORD200006 | B8: 45825 | C8: C83492 | D8: Laptop | E8: 1 | F8: 664.42 | G8: 986 Main St | H8: Gift Card | I8: Returned | J8: TRK96417362 | K8: 6 | L8: SAVE10 | M8: Facebook | N8: 664.42
A9: ORD200007 | B9: 45058 | C9: C41460 | D9: Monitor | E9: 5 | F9: 149.55 | G9: 706 Main St | H9: Cash | I9: Shipped | J9: TRK78809193 | K9: 9 | L9: FREESHIP | M9: Facebook | N9: 747.75
A10: ORD200008 | B10: 45749 | C10: C26817 | D10: Phone | E10: 2 | F10: 134.28 | G10: 904 Main St | H10: Gift Card | I10: Cancelled | J10: TRK61042692 | K10: 2 | L10: No Coupon | M10: Email | N10: 268.56
A11: ORD200009 | B11: 45251 | C11: C31946 | D11: Desk | E11: 4 | F11: 509.38 | G11: 102 Main St | H11: Credit Card | I11: Shipped | J11: TRK33478363 | K11: 6 | L11: SAVE10 | M11: Google | N11: 2037.52
A12: ORD200010 | B12: 45289 | C12: C43443 | D12: Tablet | E12: 5 | F12: 625.97 | G12: 333 Main St | H12: Credit Card | I12: Returned | J12: TRK98859248 | K12: 9 | L12: WINTER15 | M12: Instagram | N12: 3129.85
A13: ORD200011 | B13: 45339 | C13: C93861 | D13: Monitor | E13: 3 | F13: 49.14 | G13: 831 Main St | H13: Online | I13: Returned | J13: TRK48234646 | K13: 7 | L13: SAVE10 | M13: Email | N13: 147.42
... A1201: ORD201199 | B1201: 45088 | C1201: C57502 | D1201: Tablet | E1201: 4 | F1201: 560.58 | G1201: 201 Main St | H1201: Gift Card | I1201: Returned | J1201: TRK51116746 | K1201: 6 | L1201: SAVE10 | M1201: Referral | N1201: 2242.32

Sheet Change Log
A1: Change ID | B1: Description | C1: Impact | D1: Status
A2: CR001 | B2: Standardized 309 blank CouponCode values to "No Coupon" | C2: Preserved all 1,200 records, improved category clarity | D2: Resolved
A3: CR002 | B3: Separated embedded summary/pivot block from raw data sheet into dedicated "Summary Reference" tab | C3: Restored single-table structure per data integrity standard | D3: Resolved
A4: CR003 | B4: Verified OrderID uniqueness across all records | C4: 0 duplicates found, 1,200/1,200 unique | D4: Verified
A5: CR004 | B5: Standardized Date column to ISO 8601 format (YYYY-MM-DD) | C5: 0 format inconsistencies remaining | D5: Verified
A6: CR005 | B6: Validated TotalPrice = Quantity × UnitPrice across all rows | C6: 0 mismatches found | D6: Verified

Sheet EDA Analysis
A1: Metric | B1: Quantity | C1: UnitPrice | D1: TotalPrice | E1: ItemsInCart
A2: Count | B2: =COUNT('Dataset for Data Analytics'!E:E) -> 1200 | C2: =COUNT('Dataset for Data Analytics'!F:F) -> 1200 | D2: =COUNT('Dataset for Data Analytics'!N:N) -> 1200 | E2: =COUNT('Dataset for Data Analytics'!K:K) -> 1200
A3: Mean | B3: =AVERAGE('Dataset for Data Analytics'!E:E) -> 2.9458333 | C3: =AVERAGE('Dataset for Data Analytics'!F:F) -> 356.41275 | D3: =AVERAGE('Dataset for Data Analytics'!N:N) -> 1053.9683 | E3: =AVERAGE('Dataset for Data Analytics'!K:K) -> 5.485 | H3: =COUNTIF('Dataset for Data Analytics'!N:N,">3330.41") -> 8
A4: Median | B4: =MEDIAN('Dataset for Data Analytics'!E:E) -> 3 | C4: =MEDIAN('Dataset for Data Analytics'!F:F) -> 364.21 | D4: =MEDIAN('Dataset for Data Analytics'!N:N) -> 823.615 | E4: =MEDIAN('Dataset for Data Analytics'!K:K) -> 5
A5: Min | B5: =MIN('Dataset for Data Analytics'!E:E) -> 1 | C5: =MIN('Dataset for Data Analytics'!F:F) -> 11.39 | D5: =MIN('Dataset for Data Analytics'!N:N) -> 11.39 | E5: =MIN('Dataset for Data Analytics'!K:K) -> 1
A6: Q1 | B6: =QUARTILE('Dataset for Data Analytics'!E:E,1) -> 2 | C6: =QUARTILE('Dataset for Data Analytics'!F:F,1) -> 186.0625 | D6: =QUARTILE('Dataset for Data Analytics'!N:N,1) -> 410.52 | E6: =QUARTILE('Dataset for Data Analytics'!K:K,1) -> 4
A7: Q3 | B7: =QUARTILE('Dataset for Data Analytics'!E:E,3) -> 4 | C7: =QUARTILE('Dataset for Data Analytics'!F:F,3) -> 521.57 | D7: =QUARTILE('Dataset for Data Analytics'!N:N,3) -> 1578.475 | E7: =QUARTILE('Dataset for Data Analytics'!K:K,3) -> 7
A8: Max | B8: =MAX('Dataset for Data Analytics'!E:E) -> 5 | C8: =MAX('Dataset for Data Analytics'!F:F) -> 699.93 | D8: =MAX('Dataset for Data Analytics'!N:N) -> 3456.4 | E8: =MAX('Dataset for Data Analytics'!K:K) -> 10
A9: Std Dev | B9: =STDEV('Dataset for Data Analytics'!E:E) -> 1.4075571 | C9: =STDEV('Dataset for Data Analytics'!F:F) -> 197.17715 | D9: =STDEV('Dataset for Data Analytics'!N:N) -> 819.85656 | E9: =STDEV('Dataset for Data Analytics'!K:K) -> 2.2819833
A12: Correlation Analysis
A13: Quantity vs UnitPrice | B13: =CORREL('Dataset for Data Analytics'!E:E,'Dataset for Data Analytics'!F:F) -> 0.014553341
A14: Quantity vs TotalPrice | B14: =CORREL('Dataset for Data Analytics'!E:E,'Dataset for Data Analytics'!N:N) -> 0.61525136
A15: UnitPrice vs TotalPrice | B15: =CORREL('Dataset for Data Analytics'!F:F,'Dataset for Data Analytics'!N:N) -> 0.71708109
A16: ItemsInCart vs Quantity | B16: =CORREL('Dataset for Data Analytics'!K:K,'Dataset for Data Analytics'!E:E) -> 0.65006123

Sheet Summary Reference
A1: Metric | B1: Value | D1: Status | E1: Count | G1: Source | H1: Count
A2: Total Orders | B2: =COUNTA('Dataset for Data Analytics'!A2:A1201) -> 1200 | D2: Delivered | E2: =COUNTIF('Dataset for Data Analytics'!I2:I1201,"Delivered") -> 231 | G2: Instagram | H2: =COUNTIF('Dataset for Data Analytics'!M2:M1201,"Instagram") -> 259
A3: Total Revenue | B3: =SUM('Dataset for Data Analytics'!N2:N1201) -> 1264762 | D3: Shipped | E3: =COUNTIF('Dataset for Data Analytics'!I2:I1201,"Shipped") -> 235 | G3: Facebook | H3: =COUNTIF('Dataset for Data Analytics'!M:M,"Facebook") -> 228
A4: Avg Order Value | B4: =AVERAGE('Dataset for Data Analytics'!N2:N1201) -> 1053.9683 | D4: Pending | E4: =COUNTIF('Dataset for Data Analytics'!I2:I1201,"Pending") -> 237 | G4: Google | H4: =COUNTIF('Dataset for Data Analytics'!M2:M1201,"Google") -> 241
A5: Highest Order | B5: =MAX('Dataset for Data Analytics'!N2:N1201) -> 3456.4 | D5: Cancelled | E5: =COUNTIF('Dataset for Data Analytics'!I2:I1201,"Cancelled") -> 250 | G5: Email | H5: =COUNTIF('Dataset for Data Analytics'!M2:M1201,"Email") -> 250
A6: Lowest Order | B6: =MIN('Dataset for Data Analytics'!N2:N1201) -> 11.39 | D6: Returned | E6: =COUNTIF('Dataset for Data Analytics'!I2:I1201,"Returned") -> 247 | G6: Referral | H6: =COUNTIF('Dataset for Data Analytics'!M:M,"Referral") -> 222
A7: Orders with Coupon | B7: =COUNTA('Dataset for Data Analytics'!L2:L1001) -> 1000
A8: Orders without Coupon | B8: =COUNTBLANK('Dataset for Data Analytics'!L2:L1001) -> 0
A9: Most used coupon | B9: {=INDEX('Dataset for Data Analytics'!L2:L1001,MATCH(MAX(COUNTIF('Dataset for Data Analytics'!L2:L1001,'Dataset for Data Analytics'!L2:L1001)),COUNTIF('Dataset for Data Analytics'!L2:L1001,'Dataset for Data Analytics'!L2:L1001),0))} -> FREESHIP
